/**** production landfill master data ***/


/*******

INSERT IGNORE `Customer`
  (`CustomerUID`, `CustomerName`, `fk_CustomerTypeID`, `LastActionedUTC`)
VALUES
  ('ACCB8754-05F9-E311-8D69-D067E5FD4637',	'SACRAMENTO COUNTY DEPT WAST MGMT',	1, '2014-03-19 17:01:19.213'),
  ('D1F65454-05F9-E311-8D69-D067E5FD4637',	'KNOX COUNTY LANDFILL',	1, '2011-08-12 13:32:04.923'),
  ('04B04554-05F9-E311-8D69-D067E5FD4637',	'CITY OF GLENDALE',	1,	'2011-03-11 01:39:44.477'),
  ('323E4A34-56AA-11E5-A400-0050569757E0',	'MERINO CONSTRUCTION', 1,	'2015-09-09 04:21:10.203'),
  ('49BB4554-05F9-E311-8D69-D067E5FD4637',	'CITY OF COLLEGE STATION',	1,	'2011-03-14 16:00:28.313'),
  ('7125465B-DFC0-11E4-BB59-0050569757E0',	'BERTHOUD',	1,	'2015-04-10 20:30:36.293'),
  ('F0CC2344-E556-11E5-A609-005056835DD5',	'BREVARD COUNTY',	1,	'2016-03-08 17:55:28.453');

INSERT IGNORE `CustomerUser`
(`fk_CustomerUID`, `fk_UserUID`, `LastActionedUTC`)
VALUES
('F0CC2344-E556-11E5-A609-005056835DD5', '595a5e79-95fe-4388-94d8-9fd45cf5cc79', '2016-03-23 17:48:18.283'),
('323E4A34-56AA-11E5-A400-0050569757E0', '57884623-f0bc-443e-af2b-4681e5e4e74e', '2016-03-29 02:09:01.223'),
('323E4A34-56AA-11E5-A400-0050569757E0', '5c0b6309-8f61-434f-8d06-759ee63f75fe', '2016-03-29 01:30:47.693'),
('323E4A34-56AA-11E5-A400-0050569757E0', '68e5b542-343a-451d-859c-ebb0565e95ab', '2016-02-09 09:02:37.217'),
('323E4A34-56AA-11E5-A400-0050569757E0', '70de0019-8be8-4882-946b-b65119de61bc', '2016-01-22 04:16:19.110'),
('323E4A34-56AA-11E5-A400-0050569757E0', '9eff588b-9e74-4f22-a377-f894191afaa8', '2016-03-29 02:01:36.947'),
('323E4A34-56AA-11E5-A400-0050569757E0', 'cb31031b-18f7-4ecf-8e95-a8bd296a3870', '2016-02-21 20:21:35.677'),
('7125465B-DFC0-11E4-BB59-0050569757E0', '046f30b3-0a22-4a8d-b4cc-8d361d04793f', '2016-02-12 16:37:01.747'),
('7125465B-DFC0-11E4-BB59-0050569757E0', '27474ada-7a8b-4b9f-bd44-8a22cea3a06a', '2015-12-28 09:55:26.977'),
('7125465B-DFC0-11E4-BB59-0050569757E0', '530a7129-93ee-4aab-95a7-e79359bf7177', '2015-12-18 21:48:51.140'),
('7125465B-DFC0-11E4-BB59-0050569757E0', '6285b12d-bf99-4715-a2f6-6e5ad80ab2c3', '2016-01-16 21:11:17.070'),
('7125465B-DFC0-11E4-BB59-0050569757E0', '76f97124-5e26-4194-8e98-aaa8eb451c38', '2016-01-04 19:58:51.353'),
('7125465B-DFC0-11E4-BB59-0050569757E0', 'dbfb6f88-668e-4a92-b313-eafe82ef45bf', '2016-04-01 20:06:05.917'),
('7125465B-DFC0-11E4-BB59-0050569757E0', 'fea0bef8-8837-4a6c-a874-e11276f15cbf', '2015-11-18 22:54:24.990'),
('04B04554-05F9-E311-8D69-D067E5FD4637', '0269f12d-edd5-45a4-bc83-6224a51ed7ad', '2016-02-27 20:55:16.443'),
('04B04554-05F9-E311-8D69-D067E5FD4637', '4d092bcb-864c-410e-a70a-c13d526b86e7', '2016-03-18 19:57:39.933'),
('04B04554-05F9-E311-8D69-D067E5FD4637', 'a555da33-fe96-4fa9-bc54-150b4e032507', '2016-01-19 20:11:26.577'),
('04B04554-05F9-E311-8D69-D067E5FD4637', 'b688563b-44d4-4949-a98d-7fdda309a141', '2015-12-15 15:21:48.150'),
('04B04554-05F9-E311-8D69-D067E5FD4637', 'b9a9d1ea-6af8-486b-8c60-1994b9b05c6f', '2016-03-30 20:32:45.950'),
('49BB4554-05F9-E311-8D69-D067E5FD4637', '0b852a20-a98b-4ca9-9d1e-4cfd812cc420', '2016-02-16 13:24:41.857'),
('49BB4554-05F9-E311-8D69-D067E5FD4637', '2e419561-22cc-4cba-9366-2e8dab17903f', '2016-01-20 15:03:20.913'),
('49BB4554-05F9-E311-8D69-D067E5FD4637', '498edffa-c79e-48a2-a850-89fd708fe7e5', '2016-03-01 14:55:42.033'),
('49BB4554-05F9-E311-8D69-D067E5FD4637', '6285b12d-bf99-4715-a2f6-6e5ad80ab2c3', '2016-04-01 13:10:55.797'),
('49BB4554-05F9-E311-8D69-D067E5FD4637', '8ddd5a59-1e3d-40e5-8933-4de0a20246a7', '2016-01-19 19:20:24.993'),
('49BB4554-05F9-E311-8D69-D067E5FD4637', 'a0f418f6-77cc-4683-92c5-c535366ca965', '2016-04-01 13:54:39.807'),
('49BB4554-05F9-E311-8D69-D067E5FD4637', 'c2a16ae3-c4c7-4da3-b72f-c7a3193b1924', '2016-01-18 18:37:11.583'),
('49BB4554-05F9-E311-8D69-D067E5FD4637', 'd40ecf52-7eeb-4a8e-aece-8c523dd09c4e', '2016-03-18 12:06:05.843'),
('49BB4554-05F9-E311-8D69-D067E5FD4637', 'd607fc4c-3165-431f-bab4-34844c8d3896', '2016-02-26 19:27:41.540'),
('49BB4554-05F9-E311-8D69-D067E5FD4637', 'fea0bef8-8837-4a6c-a874-e11276f15cbf', '2016-02-09 17:25:56.680'),
('D1F65454-05F9-E311-8D69-D067E5FD4637', 'b96473de-6304-477b-81e4-dd9e62895721', '2016-01-20 16:08:44.897'),
('D1F65454-05F9-E311-8D69-D067E5FD4637', 'ea375672-7316-485e-a68b-c821c539d4de', '2016-01-07 15:50:25.103'),
('ACCB8754-05F9-E311-8D69-D067E5FD4637', '07142af5-5918-416d-b066-5166e0a90492', '2016-02-17 19:16:35.977'),
('ACCB8754-05F9-E311-8D69-D067E5FD4637', '086cd4b9-0305-4fc9-9bc6-d745dddc132f', '2016-03-25 21:56:49.673'),
('ACCB8754-05F9-E311-8D69-D067E5FD4637', '42d264d7-d946-4858-9e4e-bade29824225', '2016-03-29 13:47:41.977'),
('ACCB8754-05F9-E311-8D69-D067E5FD4637', '7174a2c6-8662-4ef5-8c16-c07d0fdc16d3', '2016-02-04 18:43:32.510'),
('ACCB8754-05F9-E311-8D69-D067E5FD4637', '864bb0d3-2f46-45e7-9ce0-78693b9c99e4', '2016-03-29 14:26:20.763'),
('ACCB8754-05F9-E311-8D69-D067E5FD4637', '8f55de6e-8667-45b1-925d-2852c4fe1360', '2016-03-29 16:08:26.680');


  
INSERT IGNORE `Project`
  (`ProjectID`, `Name`, `LandfillTimeZone`, `ProjectTimeZone`,`RetrievalStartedAt`, `ProjectUID`,
  `CustomerUID`, `SubscriptionUID`, `IsDeleted`, `LastActionedUTC`, 
  `StartDate`, `EndDate`, `fk_ProjectTypeID`)
VALUES
  (1577,	'Kiefer Landfill',        'America/Los_Angeles',	'Pacific Standard Time',     '2006-04-03 23:49:28',	'0968F6F5-77D7-E511-80DC-A0369F4C5117',	'ACCB8754-05F9-E311-8D69-D067E5FD4637',	'4FBBA330-DB13-4338-A4E1-0D9688115E9D',	0,	'2016-03-11 23:49:40.4631257',	20140401,	20170311,	1),
  (2712,	'3D MONITORING',	        'America/Chicago',	    'Central Standard Time',     '2006-04-03 23:49:28', '786CF6F5-77D7-E511-80DC-A0369F4C5117',	'49BB4554-05F9-E311-8D69-D067E5FD4637',	'DC57A590-2C7F-4030-BCE7-54D07D8BD2EB',	0,	'2015-10-12 19:59:00.7643853',	20150305,	20200101,	1),
  (2887,	'Berthoud CC',	          'America/Denver',	      'Mountain Standard Time',    '2006-04-03 23:49:28', '276DF6F5-77D7-E511-80DC-A0369F4C5117',	'7125465B-DFC0-11E4-BB59-0050569757E0',	'48E2AC0D-1B62-470D-8538-6F05834307A6',	0,	'2015-09-10 19:08:43.0166072',	20150316,	20160909,	1),
  (3352,	'COG Landfill',	          'America/Phoenix',	    'US Mountain Standard Time', '2006-04-03 23:49:28', 'F86EF6F5-77D7-E511-80DC-A0369F4C5117',	'04B04554-05F9-E311-8D69-D067E5FD4637',	'B8F3B48A-86E1-4DC0-9ECC-0F8209CA0751',	0,	'2015-11-24 03:30:01.0637608',	20150601,	20161120,	1),
  -- do not load this for Bauma
 -- (3353,	'Landfill Project - WCO',	'Europe/London',	      'GMT Standard Time',         '2006-04-03 23:49:28', 'F96EF6F5-77D7-E511-80DC-A0369F4C5117',	'323E4A34-56AA-11E5-A400-0050569757E0',	'B7867E2F-B859-4148-B54C-F0C15DF52736',	0,	'2015-09-10 19:47:32.2538506',	20150910,	20160909,	1),
  (3360,	'Demo Landfill',	        'America/Chicago',	    'Central Standard Time',     '2006-04-03 23:49:28', '006FF6F5-77D7-E511-80DC-A0369F4C5117',	'323E4A34-56AA-11E5-A400-0050569757E0',	'BF81F847-3BBA-43A9-BA96-4D5944FE1097',	0,	'2016-03-16 23:54:15.7054392',	20150101,	20160910,	1),
  (3668,	'Landfill Monitoring',	  'America/Chicago',	    'Central Standard Time',     '2006-04-03 23:49:28', '3470F6F5-77D7-E511-80DC-A0369F4C5117',	'D1F65454-05F9-E311-8D69-D067E5FD4637',	'26436655-B612-4B90-9DAB-CA3658F2732B',	0,	'2015-12-09 23:57:10.8228079',	20151209,	20161208,	1),
  (3912,	'Sarno',	                'America/New_York',     'Eastern Standard Time',	   '2006-04-03 23:49:28', '54DA936C-4FDF-40BA-A471-F68734E23BDE',	'F0CC2344-E556-11E5-A609-005056835DD5',	'640EE2DC-B3A5-4BEA-A657-9E87332A3B5B',	0,	'2016-03-18 13:52:18.8380938',	20160318,	20170309,	1);

INSERT IGNORE `Subscription`
  (`SubscriptionUID`, `CustomerUID`, `StartDate`, `EndDate`, `EffectiveUTC`, `LastActionedUTC`)
VALUES
  ('4FBBA330-DB13-4338-A4E1-0D9688115E9D', 'ACCB8754-05F9-E311-8D69-D067E5FD4637', '20160311', '20170311', '20160311', '2016-03-11 23:11:23.2140431'),
  ('DC57A590-2C7F-4030-BCE7-54D07D8BD2EB', '49BB4554-05F9-E311-8D69-D067E5FD4637', '20151012', '20161012', '20151012', '2015-10-12 19:49:23.5535065'),
  ('48E2AC0D-1B62-470D-8538-6F05834307A6', '7125465B-DFC0-11E4-BB59-0050569757E0', '20150908', '20150916', '20150909', '2015-09-17 16:32:51.3242511'),
  ('B8F3B48A-86E1-4DC0-9ECC-0F8209CA0751', '04B04554-05F9-E311-8D69-D067E5FD4637', '20151120', '20161120', '20151120', '2015-11-20 18:48:08.6573200'),
  ('B7867E2F-B859-4148-B54C-F0C15DF52736', '323E4A34-56AA-11E5-A400-0050569757E0', '20150909', '20160909', '20150909', '2015-10-06 00:30:46.5470000'),
  ('BF81F847-3BBA-43A9-BA96-4D5944FE1097', '323E4A34-56AA-11E5-A400-0050569757E0', '20150909', '20160910', '20150910', '2015-09-17 01:17:45.3000000'),
  ('26436655-B612-4B90-9DAB-CA3658F2732B', 'D1F65454-05F9-E311-8D69-D067E5FD4637', '20151207', '20161207', '20151208', '2015-12-08 04:56:38.6205334'),
  ('640EE2DC-B3A5-4BEA-A657-9E87332A3B5B', 'F0CC2344-E556-11E5-A609-005056835DD5', '20160309', '20170309', '20160309', '2016-03-09 22:19:16.8162221');

INSERT IGNORE `Entries`
(`ProjectID`, `Date`, `Weight`, `Volume`, `VolumeNotRetrieved`, `VolumeNotAvailable`,`VolumesUpdatedTimestampUTC`)
VALUES
# projectId, date, weight, volume, volumeNotRetrieved, volumeNotAvailable, volumesUpdatedTimestamp
(1577, '2016-03-14', 200, 2996.721343, 0, 0, '2016-04-03 00:10:38'),
(1577, '2016-03-15', 55.4, 3726.142981, 0, 0, '2016-04-03 00:10:45'),
(1577, '2016-03-16', 300, 4593.185373, 0, 0, '2016-04-03 00:10:46'),
(1577, '2016-03-17', 456.7, 3964.93147, 0, 0, '2016-04-03 00:10:47'),
(1577, '2016-03-18', 600, 4496.324137, 0, 0, '2016-04-03 00:10:48'),
(2712, '2015-05-01', 1238.6, 405.662169, 0, 0, '2016-04-02 00:10:16'),
(2712, '2015-05-02', 323.4, 954.053024, 0, 0, '2016-04-02 00:10:16'),
(2712, '2015-05-04', 1377.92, 867.745915, 0, 0, '2016-04-02 00:10:17'),
(2712, '2015-05-05', 1285.07, 1243.237918, 0, 0, '2016-04-02 00:10:18'),
(2712, '2015-05-06', 1272.4, 1622.137281, 0, 0, '2016-04-02 00:10:19'),
(2712, '2015-05-07', 1274.6, 1334.204119, 0, 0, '2016-04-02 00:10:20'),
(2712, '2015-05-08', 1130.38, 1110.421609, 0, 0, '2016-04-02 00:10:22'),
(2712, '2015-05-09', 282.28, null, 0, 1, '2016-04-02 00:10:22'),
(2712, '2015-05-11', 1338.64, 1576.941203, 0, 0, '2016-04-02 00:10:23'),
(2712, '2015-05-12', 1324.31, 1241.992522, 0, 0, '2016-04-02 00:10:24'),
(2712, '2015-05-13', 1385.66, 1139.249915, 0, 0, '2016-04-02 00:10:25'),
(2712, '2015-05-14', 1245.49, 1174.349081, 0, 0, '2016-04-02 00:10:27'),
(2712, '2015-05-15', 1043.29, 423.550773, 0, 0, '2016-04-02 00:10:27'),
(2712, '2015-05-16', 303.45, null, 0, 1, '2016-04-02 00:10:28'),
(2712, '2015-05-18', 1313.42, 1848.35279, 0, 0, '2016-04-02 00:10:28'),
(2712, '2015-05-19', 1305.95, 2082.581155, 0, 0, '2016-04-02 00:10:29'),
(2712, '2015-05-20', 1362.97, 2160.994964, 0, 0, '2016-04-02 00:10:29'),
(2712, '2015-05-21', 1385.14, 1742.889499, 0, 0, '2016-04-02 00:10:30'),
(2712, '2015-05-22', 1237.18, 1367.579718, 0, 0, '2016-04-02 00:10:30'),
(2712, '2015-05-23', 427.97, null, 0, 1, '2016-04-02 00:10:30'),
(2712, '2015-05-25', 703.76, 1538.059069, 0, 0, '2016-04-02 00:10:31'),
(2712, '2015-05-26', 1251.64, 386.390598, 0, 0, '2016-04-02 00:10:31'),
(2712, '2015-05-27', 1618.09, 939.812193, 0, 0, '2016-04-02 00:10:31'),
(2712, '2015-05-28', 1576.62, 1318.648525, 0, 0, '2016-04-02 00:10:32'),
(2712, '2015-05-29', 1546.2, 2943.702275, 0, 0, '2016-04-02 00:10:32'),
(2712, '2015-05-30', 506.28, 735.186756, 0, 0, '2016-04-02 00:10:33'),
(2712, '2015-06-01', 1578.7, 1935.884243, 0, 0, '2016-04-02 00:10:33'),
(2712, '2015-06-02', 1390.92, 1598.12367, 0, 0, '2016-04-02 00:10:33'),
(2712, '2015-06-03', 1385.37, 1586.148327, 0, 0, '2016-04-02 00:10:34'),
(2712, '2015-06-04', 1219.63, 1143.695533, 0, 0, '2016-04-02 00:10:34'),
(2712, '2015-06-05', 1062.72, 1597.895316, 0, 0, '2016-04-02 00:10:35'),
(2712, '2015-06-06', 436.95, 712.174617, 0, 0, '2016-04-02 00:10:35'),
(2712, '2015-06-08', 1548.95, 1373.385335, 0, 0, '2016-04-02 00:10:35'),
(2712, '2015-06-09', 1307.98, 1586.106636, 0, 0, '2016-04-02 00:10:36'),
(2712, '2015-06-10', 1459.94, 1916.649117, 0, 0, '2016-04-02 00:10:36'),
(2712, '2015-06-11', 1154.64, 1232.517446, 0, 0, '2016-04-02 00:10:37'),
(2712, '2015-06-12', 1177.69, 1273.975267, 0, 0, '2016-04-02 00:10:37'),
(2712, '2015-06-13', 362.28, null, 0, 1, '2016-04-02 00:10:37'),
(2712, '2015-06-15', 1532.14, 1557.836194, 0, 0, '2016-04-02 00:10:38'),
(2712, '2015-06-16', 1268.61, 1199.673792, 0, 0, '2016-04-02 00:10:38'),
(2712, '2015-06-17', 1239.89, 1296.217362, 0, 0, '2016-04-02 00:10:38'),
(2712, '2015-06-18', 1456.95, 1279.352396, 0, 0, '2016-04-02 00:10:39'),
(2712, '2015-06-19', 1323.88, 378.32233, 0, 0, '2016-04-02 00:10:39'),
(2712, '2015-06-20', 314.64, null, 0, 1, '2016-04-02 00:10:39'),
(2712, '2015-06-22', 1408.2, null, 0, 1, '2016-04-02 00:10:40'),
(2712, '2015-06-23', 1359.45, 2474.544, 0, 0, '2016-04-02 00:10:40'),
(2712, '2015-06-24', 1365.07, 1926.980895, 0, 0, '2016-04-02 00:10:40'),
(2712, '2015-06-25', 0, 73.981762, 0, 0, '2016-04-02 00:10:41'),
(2712, '2015-06-26', 1179.12, 1798.201214, 0, 0, '2016-04-02 00:10:41'),
(2712, '2015-06-27', 310.1, 687.562345, 0, 0, '2016-04-02 00:10:42'),
(2712, '2015-06-29', 1547.54, 1627.447646, 0, 0, '2016-04-02 00:10:42'),
(2712, '2015-06-30', 1383.4, 1822.128895, 0, 0, '2016-04-02 00:10:43'),
(2712, '2015-07-01', 1408.06, 1941.122516, 0, 0, '2016-04-02 00:10:43'),
(2712, '2015-07-02', 1483.02, 1531.310951, 0, 0, '2016-04-02 00:10:44'),
(2712, '2015-07-03', 845.44, 968.147606, 0, 0, '2016-04-02 00:10:44'),
(2712, '2015-07-04', 155.03, null, 0, 1, '2016-04-02 00:10:45'),
(2712, '2015-07-06', 1352.05, 1804.053802, 0, 0, '2016-04-02 00:10:45'),
(2712, '2015-07-07', 1434.25, 1214.840858, 0, 0, '2016-04-02 00:10:46'),
(2712, '2015-07-08', 1355.83, 1405.734445, 0, 0, '2016-04-02 00:10:46'),
(2712, '2015-07-09', 1330.19, 1949.452473, 0, 0, '2016-04-02 00:10:47'),
(2712, '2015-07-10', 1123.55, 1591.318843, 0, 0, '2016-04-02 00:10:48'),
(2712, '2015-07-11', 321.09, 73.975797, 0, 0, '2016-04-02 00:10:49'),
(2712, '2015-07-13', 1414.59, 1253.799322, 0, 0, '2016-04-02 00:10:49'),
(2712, '2015-07-14', 1466.55, 890.086844, 0, 0, '2016-04-02 00:10:49'),
(2712, '2015-07-15', 1296.67, 2139.333165, 0, 0, '2016-04-02 00:10:50'),
(2712, '2015-07-16', 1103.05, 1285.564246, 0, 0, '2016-04-02 00:10:50'),
(2712, '2015-07-17', 1910.82, 1627.919522, 0, 0, '2016-04-02 00:10:50'),
(2712, '2015-07-18', 680.84, 477.229614, 0, 0, '2016-04-02 00:10:51'),
(2712, '2015-07-20', 1404.33, 1948.285646, 0, 0, '2016-04-02 00:10:52'),
(2712, '2015-07-21', 1389.48, 1702.183074, 0, 0, '2016-04-02 00:10:52'),
(2712, '2015-07-22', 1417.13, 1766.638723, 0, 0, '2016-04-02 00:10:53'),
(2712, '2015-07-23', 1316.71, 1092.088721, 0, 0, '2016-04-02 00:10:54'),
(2712, '2015-07-24', 1082.82, 1499.313893, 0, 0, '2016-04-02 00:10:55'),
(2712, '2015-07-25', 333.18, null, 0, 1, '2016-04-02 00:10:55'),
(2712, '2015-07-27', 1445.19, 2588.015418, 0, 0, '2016-04-02 00:10:56'),
(2712, '2015-07-28', 1468.4, 1705.027096, 0, 0, '2016-04-02 00:10:57'),
(2712, '2015-07-29', 1276.49, 1313.544977, 0, 0, '2016-04-02 00:10:58'),
(2712, '2015-07-30', 1344.28, 1292.059006, 0, 0, '2016-04-02 00:10:59'),
(2712, '2015-07-31', 1101.08, 1236.050015, 0, 0, '2016-04-02 00:11:00'),
(2712, '2015-08-01', 383.98, 670.494916, 0, 0, '2016-04-02 00:11:02'),
(2712, '2015-08-03', 1355.08, 1611.778632, 0, 0, '2016-04-02 00:11:02'),
(2712, '2015-08-04', 1350.87, 1565.696318, 0, 0, '2016-04-02 00:11:02'),
(2712, '2015-08-05', 1353.31, 1591.458998, 0, 0, '2016-04-02 00:11:03'),
(2712, '2015-08-06', 1280.23, 1228.826712, 0, 0, '2016-04-02 00:11:03'),
(2712, '2015-08-07', 1214.06, null, 0, 1, '2016-04-02 00:11:03'),
(2712, '2015-08-08', 332.12, 1078.082915, 0, 0, '2016-04-02 00:11:04'),
(2712, '2015-08-10', 1517.99, 2569.822916, 0, 0, '2016-04-02 00:11:04'),
(2712, '2015-08-11', 1117.5, 1423.329814, 0, 0, '2016-04-02 00:11:04'),
(2712, '2015-08-12', 1191.85, 901.963536, 0, 0, '2016-04-02 00:11:05'),
(2712, '2015-08-13', 1150.72, 1435.93944, 0, 0, '2016-04-03 00:06:31'),
(2712, '2015-08-14', 1033.9, 919.058782, 0, 0, '2016-04-03 00:06:35'),
(2712, '2015-08-15', 326.24, null, 0, 1, '2016-04-03 00:06:36'),
(2712, '2015-08-17', 1554.3, 2766.265995, 0, 0, '2016-04-03 00:06:39'),
(2712, '2015-08-18', 1302.78, 1834.927451, 0, 0, '2016-04-03 00:06:41'),
(2712, '2015-08-19', 1341.27, 1709.700777, 0, 0, '2016-04-03 00:06:44'),
(2712, '2015-08-20', 1332.77, 1198.026639, 0, 0, '2016-04-03 00:06:45'),
(2712, '2015-08-21', 1076.03, 1566.042545, 0, 0, '2016-04-03 00:06:47'),
(2712, '2015-08-22', 355.75, 603.401447, 0, 0, '2016-04-03 00:06:49'),
(2712, '2015-08-24', 1360.88, 1411.028614, 0, 0, '2016-04-03 00:06:50'),
(2712, '2015-08-25', 1188.65, 1527.242805, 0, 0, '2016-04-03 00:06:52'),
(2712, '2015-08-26', 1334.28, 1856.067624, 0, 0, '2016-04-03 00:06:54'),
(2712, '2015-08-27', 1187.59, 1457.599542, 0, 0, '2016-04-03 00:06:56'),
(2712, '2015-08-28', 977.25, 1277.626834, 0, 0, '2016-04-03 00:06:58'),
(2712, '2015-08-29', 307.06, 474.256398, 0, 0, '2016-04-03 00:07:00'),
(2712, '2015-08-31', 1336.21, 1845.579355, 0, 0, '2016-04-03 00:07:02'),
(2712, '2015-09-01', 1135.08, 1055.337463, 0, 0, '2016-04-03 00:07:03'),
(2712, '2015-09-02', 1231.46, 1208.201094, 0, 0, '2016-04-03 00:07:05'),
(2712, '2015-09-03', 1140.73, 1121.457622, 0, 0, '2016-04-03 00:07:06'),
(2712, '2015-09-04', 1088.81, 1061.675014, 0, 0, '2016-04-03 00:07:07'),
(2712, '2015-09-05', 301.78, null, 0, 1, '2016-04-03 00:07:08'),
(2712, '2015-09-07', 673.95, 1890.266778, 0, 0, '2016-04-03 00:07:10'),
(2712, '2015-09-08', 1076.13, 1155.507256, 0, 0, '2016-04-03 00:07:12'),
(2712, '2015-09-09', 1073.68, 1346.543791, 0, 0, '2016-04-03 00:07:13'),
(2712, '2015-09-10', 1185.4, 1517.878322, 0, 0, '2016-04-03 00:07:15'),
(2712, '2015-09-11', 1127.13, 1252.892992, 0, 0, '2016-04-03 00:07:17'),
(2712, '2015-09-12', 382.51, 432.68955, 0, 0, '2016-04-03 00:07:19'),
(2712, '2015-09-14', 1322.21, 1827.1042, 0, 0, '2016-04-03 00:07:20'),
(2712, '2015-09-15', 1171.28, 1319.921164, 0, 0, '2016-04-03 00:07:21'),
(2712, '2015-09-16', 0, 122.978734, 0, 0, '2016-04-03 00:07:22'),
(2712, '2015-09-17', 1157.8, 1606.508682, 0, 0, '2016-04-03 00:07:23'),
(2712, '2015-09-18', 1032.71, 1405.375622, 0, 0, '2016-04-03 00:07:26'),
(2712, '2015-09-19', 0, 0.84839, 0, 0, '2016-04-03 00:07:26'),
(2712, '2015-09-21', 1062.72, 111.421407, 0, 0, '2016-04-03 00:07:26'),
(2712, '2015-09-22', 1119.2, 2274.485888, 0, 0, '2016-04-03 00:07:29'),
(2712, '2015-09-23', 1282.98, 1362.127478, 0, 0, '2016-04-03 00:07:32'),
(2712, '2015-09-24', 1275.61, 1356.082903, 0, 0, '2016-04-03 00:07:34'),
(2712, '2015-09-25', 1146.88, 1118.921308, 0, 0, '2016-04-03 00:07:35'),
(2712, '2015-09-26', 378.28, null, 0, 1, '2016-04-03 00:07:36'),
(2712, '2015-09-28', 1306.18, 2505.603201, 0, 0, '2016-04-03 00:07:39'),
(2712, '2015-09-29', 1139.89, 1326.144851, 0, 0, '2016-04-03 00:07:41'),
(2712, '2015-09-30', 1429.69, 1554.753982, 0, 0, '2016-04-03 00:07:43'),
(2712, '2015-10-01', 1198.77, 1149.432369, 0, 0, '2016-04-03 00:07:45'),
(2712, '2015-10-02', 1166.36, 1299.343113, 0, 0, '2016-04-03 00:07:47'),
(2712, '2015-10-03', 244.56, 418.510397, 0, 0, '2016-04-03 00:07:49'),
(2712, '2015-10-05', 1282.59, 1713.644491, 0, 0, '2016-04-03 00:07:53'),
(2712, '2015-10-06', 1337.64, 1753.916254, 0, 0, '2016-04-03 00:07:56'),
(2712, '2015-10-07', 1107.75, 1291.757602, 0, 0, '2016-04-03 00:07:58'),
(2712, '2015-10-08', 1184.61, 1273.115992, 0, 0, '2016-04-03 00:08:00'),
(2712, '2015-10-09', 906.51, 1121.941713, 0, 0, '2016-04-03 00:08:04'),
(2712, '2015-10-10', 286.88, null, 0, 1, '2016-04-03 00:08:04'),
(2712, '2015-10-12', 1210.88, 1984.110045, 0, 0, '2016-04-03 00:08:07'),
(2712, '2015-10-13', 1095.14, 1465.559532, 0, 0, '2016-04-03 00:08:10'),
(2712, '2015-10-14', 1059.39, 1496.803098, 0, 0, '2016-04-03 00:08:13'),
(2712, '2015-10-15', 1105.89, 1536.464592, 0, 0, '2016-04-03 00:08:15'),
(2712, '2015-10-16', 1002.84, 1321.449934, 0, 0, '2016-04-03 00:08:18'),
(2712, '2015-10-17', 246.23, null, 0, 1, '2016-04-03 00:08:19'),
(2712, '2015-10-19', 1167.61, 1455.737853, 0, 0, '2016-04-03 00:08:20'),
(2712, '2015-10-20', 1169.18, 2406.474215, 0, 0, '2016-04-03 00:08:23'),
(2712, '2015-10-21', 1216.13, 1603.440643, 0, 0, '2016-04-03 00:08:25'),
(2712, '2015-10-22', 1244.45, 1363.440475, 0, 0, '2016-04-03 00:08:27'),
(2712, '2015-10-23', 1033.13, 463.260241, 0, 0, '2016-04-03 00:08:28'),
(2712, '2015-10-24', 180.78, 254.345045, 0, 0, '2016-04-03 00:08:28'),
(2712, '2015-10-26', 1321.34, 1258.617466, 0, 0, '2016-04-03 00:08:29'),
(2712, '2015-10-27', 1106.24, 1276.162526, 0, 0, '2016-04-03 00:08:31'),
(2712, '2015-10-28', 1221.87, 1335.764635, 0, 0, '2016-04-03 00:08:33'),
(2712, '2015-10-29', 1173.53, 1343.112102, 0, 0, '2016-04-03 00:08:35'),
(2712, '2015-10-30', 995.96, 1071.788549, 0, 0, '2016-04-03 00:08:36'),
(2712, '2015-10-31', 211.44, null, 0, 1, '2016-04-03 00:08:37'),
(2712, '2015-11-02', 1405.79, 1644.422427, 0, 0, '2016-04-03 00:08:38'),
(2712, '2015-11-03', 1351.39, 1089.083536, 0, 0, '2016-04-03 00:08:41'),
(2712, '2015-11-04', 1528.82, 1836.999894, 0, 0, '2016-04-03 00:08:43'),
(2712, '2015-11-05', 1322.61, 1455.447485, 0, 0, '2016-04-03 00:08:45'),
(2712, '2015-11-06', 1098.39, 1260.831918, 0, 0, '2016-04-03 00:08:47'),
(2712, '2015-11-07', 292.23, null, 0, 1, '2016-04-03 00:08:47'),
(2712, '2015-11-09', 1528.1, 2044.671332, 0, 0, '2016-04-03 00:08:49'),
(2712, '2015-11-10', 1441.14, 1543.65391, 0, 0, '2016-04-03 00:08:50'),
(2712, '2015-11-11', 1331.35, 1648.367305, 0, 0, '2016-04-03 00:08:52'),
(2712, '2015-11-12', 1225.12, 1469.23634, 0, 0, '2016-04-03 00:08:54'),
(2712, '2015-11-13', 1155.78, 406.224452, 0, 0, '2016-04-03 00:08:54'),
(2712, '2015-11-14', 335.01, null, 0, 1, '2016-04-03 00:08:55'),
(2712, '2015-11-16', 1480.99, 2635.35381, 0, 0, '2016-04-03 00:08:56'),
(2712, '2015-11-17', 1083.4, 1046.584172, 0, 0, '2016-04-03 00:08:57'),
(2712, '2015-11-18', 1464.61, 1501.187526, 0, 0, '2016-04-03 00:08:58'),
(2712, '2015-11-19', 1585.13, 1685.064853, 0, 0, '2016-04-03 00:09:00'),
(2712, '2015-11-20', 1202.81, null, 0, 1, '2016-04-03 00:09:01'),
(2712, '2015-11-21', 317.35, null, 0, 1, '2016-04-03 00:09:01'),
(2712, '2015-11-23', 1471.02, 3261.88159, 0, 0, '2016-04-03 00:09:03'),
(2712, '2015-11-24', 1433.88, 1595.926284, 0, 0, '2016-04-03 00:09:05'),
(2712, '2015-11-25', 1547.48, 1689.308446, 0, 0, '2016-04-03 00:09:07'),
(2712, '2015-11-27', 911.33, 1123.755508, 0, 0, '2016-04-03 00:09:08'),
(2712, '2015-11-28', 322.25, null, 0, 1, '2016-04-03 00:09:09'),
(2712, '2015-11-30', 1485.23, 2072.223672, 0, 0, '2016-04-03 00:09:11'),
(2712, '2015-12-01', 1501.17, 1756.276255, 0, 0, '2016-04-03 00:09:13'),
(2712, '2015-12-02', 1517.44, 1612.323452, 0, 0, '2016-04-03 00:09:15'),
(2712, '2015-12-03', 1292.77, 1344.405439, 0, 0, '2016-04-03 00:09:16'),
(2712, '2015-12-04', 1196.34, 1270.276512, 0, 0, '2016-04-03 00:09:18'),
(2712, '2015-12-05', 433.92, null, 0, 1, '2016-04-03 00:09:18'),
(2712, '2015-12-07', 1497.32, 1466.685923, 0, 0, '2016-04-03 00:09:19'),
(2712, '2015-12-08', 1508.58, 1751.455273, 0, 0, '2016-04-03 00:09:20'),
(2712, '2015-12-09', 1360.91, 1485.969551, 0, 0, '2016-04-03 00:09:21'),
(2712, '2015-12-10', 1418.23, 1371.436457, 0, 0, '2016-04-03 00:09:23'),
(2712, '2015-12-11', 1172.88, 1436.150172, 0, 0, '2016-04-03 00:09:25'),
(2712, '2015-12-12', 295.51, 386.841839, 0, 0, '2016-04-03 00:09:26'),
(2712, '2015-12-14', 1537.39, 1575.805342, 0, 0, '2016-04-03 00:09:27'),
(2712, '2015-12-15', 1350.3, 1273.863772, 0, 0, '2016-04-03 00:09:29'),
(2712, '2015-12-16', 1354.91, 1050.017627, 0, 0, '2016-04-03 00:09:30'),
(2712, '2015-12-17', 1267.03, 2.447384, 0, 0, '2016-04-03 00:09:31'),
(2712, '2015-12-18', 1253.37, null, 0, 1, '2016-04-03 00:09:31'),
(2712, '2015-12-19', 313.63, null, 0, 1, '2016-04-03 00:09:31'),
(2712, '2015-12-21', 1530.78, 4511.31219, 0, 0, '2016-04-03 00:09:32'),
(2712, '2015-12-22', 1296.36, 1390.412542, 0, 0, '2016-04-03 00:09:34'),
(2712, '2015-12-23', 1210.05, 2140.881556, 0, 0, '2016-04-03 00:09:35'),
(2712, '2015-12-24', 747.42, 846.709574, 0, 0, '2016-04-03 00:09:36'),
(2712, '2015-12-26', 273.98, 264.941675, 0, 0, '2016-04-03 00:09:36'),
(2712, '2015-12-28', 1623.91, 2235.130388, 0, 0, '2016-04-03 00:09:37'),
(2712, '2015-12-29', 1653.53, 1281.926143, 0, 0, '2016-04-03 00:09:39'),
(2712, '2015-12-30', 1820.31, 1294.392045, 0, 0, '2016-04-03 00:09:40'),
(2712, '2015-12-31', 1351.94, 1387.475281, 0, 0, '2016-04-03 00:09:41'),
(2712, '2016-01-02', 355.43, null, 0, 1, '2016-04-03 00:09:41'),
(2712, '2016-01-04', 1376.64, 2173.30223, 0, 0, '2016-04-03 00:09:42'),
(2712, '2016-01-05', 1359.18, 1485.632883, 0, 0, '2016-04-03 00:09:43'),
(2712, '2016-01-06', 1249.7, 891.626668, 0, 0, '2016-04-03 00:09:43'),
(2712, '2016-01-07', 1325.24, 1376.32619, 0, 0, '2016-04-03 00:09:44'),
(2712, '2016-01-08', 1098.08, 1047.019187, 0, 0, '2016-04-03 00:09:45'),
(2712, '2016-01-09', 263.04, null, 0, 1, '2016-04-03 00:09:45'),
(2712, '2016-01-11', 1176.14, 1048.431742, 0, 0, '2016-04-03 00:09:45'),
(2712, '2016-01-12', 1219.87, 1372.01927, 0, 0, '2016-04-03 00:09:46'),
(2712, '2016-01-13', 1301.68, 1155.228983, 0, 0, '2016-04-03 00:09:47'),
(2712, '2016-01-14', 1163.15, 1320.109156, 0, 0, '2016-04-03 00:09:47'),
(2712, '2016-01-15', 1131.75, 969.481652, 0, 0, '2016-04-03 00:09:48'),
(2712, '2016-01-16', 280.55, null, 0, 1, '2016-04-03 00:09:48'),
(2712, '2016-01-18', 1199.68, 46.755026, 0, 0, '2016-04-03 00:09:48'),
(2712, '2016-01-19', 1135.4, 354.48007, 0, 0, '2016-04-03 00:09:49'),
(2712, '2016-01-20', 1362.95, 718.511714, 0, 0, '2016-04-03 00:09:49'),
(2712, '2016-01-21', 1218.26, 785.487591, 0, 0, '2016-04-03 00:09:50'),
(2712, '2016-01-22', 1055.08, 1751.218097, 0, 0, '2016-04-03 00:09:50'),
(2712, '2016-01-23', 344.63, null, 0, 1, '2016-04-03 00:09:51'),
(2712, '2016-01-25', 1412.74, 1700.725382, 0, 0, '2016-04-03 00:09:51'),
(2712, '2016-01-26', 1874.48, 1127.860525, 0, 0, '2016-04-03 00:09:52'),
(2712, '2016-01-27', 1243.23, 1386.361276, 0, 0, '2016-04-03 00:09:52'),
(2712, '2016-01-28', 1159.16, 713.755478, 0, 0, '2016-04-03 00:09:53'),
(2712, '2016-01-29', 999.76, 1101.326484, 0, 0, '2016-04-03 00:09:54'),
(2712, '2016-01-30', 427.8, 439.365673, 0, 0, '2016-04-03 00:09:54'),
(2712, '2016-02-01', 1207.05, 182.269001, 0, 0, '2016-04-03 00:09:54'),
(2712, '2016-02-02', 1232.96, 515.345262, 0, 0, '2016-04-03 00:09:54'),
(2712, '2016-02-03', 1258.23, 1378.01255, 0, 0, '2016-04-03 00:09:55'),
(2712, '2016-02-04', 1089.44, 1289.67449, 0, 0, '2016-04-03 00:09:56'),
(2712, '2016-02-05', 951.93, 1009.447196, 0, 0, '2016-04-03 00:09:56'),
(2712, '2016-02-06', 350.93, null, 0, 1, '2016-04-03 00:09:56'),
(2712, '2016-02-08', 1299.37, 1895.472522, 0, 0, '2016-04-03 00:09:57'),
(2712, '2016-02-09', 1246.49, 1177.101486, 0, 0, '2016-04-03 00:09:57'),
(2712, '2016-02-10', 1085.73, 154.460656, 0, 0, '2016-04-03 00:09:58'),
(2712, '2016-02-11', 1190.05, 1589.434422, 0, 0, '2016-04-03 00:09:58'),
(2712, '2016-02-12', 1043.57, 1302.665334, 0, 0, '2016-04-03 00:09:59'),
(2712, '2016-02-13', 306.09, null, 0, 1, '2016-04-03 00:09:59'),
(2712, '2016-02-15', 1348.56, 1396.121712, 0, 0, '2016-04-03 00:10:00'),
(2712, '2016-02-16', 1160.11, 765.084256, 0, 0, '2016-04-03 00:10:00'),
(2712, '2016-02-17', 1119.87, 1082.538127, 0, 0, '2016-04-03 00:10:01'),
(2712, '2016-02-18', 1208.05, 1653.433383, 0, 0, '2016-04-03 00:10:01'),
(2712, '2016-02-19', 1081.62, 716.685192, 0, 0, '2016-04-03 00:10:02'),
(2712, '2016-02-20', 333.27, null, 0, 1, '2016-04-03 00:10:02'),
(2712, '2016-02-22', 1355.96, 1964.473973, 0, 0, '2016-04-03 00:10:03'),
(2712, '2016-02-23', 1169.72, 1323.432846, 0, 0, '2016-04-03 00:10:04'),
(2712, '2016-02-24', 1380.54, 1253.84831, 0, 0, '2016-04-03 00:10:05'),
(2712, '2016-02-25', 1428.28, 1201.26597, 0, 0, '2016-04-03 00:10:05'),
(2712, '2016-02-26', 1225.83, 1078.914095, 0, 0, '2016-04-03 00:10:06'),
(2712, '2016-02-27', 1396.35, null, 0, 1, '016-04-03 00:10:06'),
(2712, '2016-02-29', 1396.35, 37022.979593, 0, 0, '2016-04-03 00:10:07'),
(2712, '2016-03-01', 1327.37, 1023956.415697, 0, 0, '2016-04-03 00:10:49'),
(2712, '2016-03-02', 1217.59, 1608.573894, 0, 0, '2016-04-03 00:10:49'),
(2712, '2016-03-03', 1318.97, 1549.148867, 0, 0, '2016-04-03 00:10:49'),
(2712, '2016-03-04', 1184.25, 1561.119022, 0, 0, '2016-04-03 00:10:50'),
(2712, '2016-03-05', 384.29, null, 0, 1, '2016-04-03 00:10:50'),
(2887, '2015-07-13', 1500, 819.516905, 0, 0, '2016-04-03 00:10:51'),
(2887, '2015-07-14', 3000, 28.155853, 0, 0, '2016-04-03 00:10:51'),
(2887, '2015-07-15', 3501, null, 0, 1, '2016-04-03 00:10:51'),
(2887, '2015-07-16', 3502, 42.888009, 0, 0, '2016-04-03 00:10:52'),
(2887, '2015-07-17', 3600, 53.60792, 0, 0, '2016-04-03 00:10:54'),
(2887, '2015-07-18', 1850, 12.017292, 0, 0, '2016-04-03 00:10:55'),
(2887, '2015-09-20', 3600, null, 0, 1, '2016-04-03 00:10:55'),
(3352, '2015-01-11', 0, null, 0, 1, '2016-04-03 00:10:56'),
(3352, '2015-01-12', 1308.19, null, 0, 1, '2016-04-03 00:10:57'),
(3352, '2015-02-11', 1199.77, null, 0, 1, '2016-04-03 00:10:58'),
(3352, '2015-02-12', 984.69, null, 0, 1, '2016-04-03 00:10:58'),
(3352, '2015-03-11', 1196.72, null, 0, 1, '2016-04-03 00:10:59'),
(3352, '2015-03-12', 1153.99, null, 0, 1, '2016-04-03 00:10:59'),
(3352, '2015-04-11', 976.71, null, 0, 1, '2016-04-03 00:11:00'),
(3352, '2015-04-12', 1259.7, null, 0, 1, '2016-04-03 00:11:00'),
(3352, '2015-05-11', 1173.03, null, 0, 1, '2016-04-03 00:11:01'),
(3352, '2015-05-12', 431.98, null, 0, 1, '2016-04-03 00:11:02'),
(3352, '2015-06-11', 1254.39, null, 0, 1, '2016-04-03 00:11:02'),
(3352, '2015-06-12', 0, null, 0, 1, '2016-04-03 00:11:03'),
(3352, '2015-07-11', 476.2, null, 0, 1, '2016-04-03 00:11:03'),
(3352, '2015-07-12', 1278.62, null, 0, 1, '2016-04-03 00:11:04'),
(3352, '2015-08-11', 0, 2180.125155, 0, 0, '2016-04-03 00:11:06'),
(3352, '2015-08-12', 1193.73, 1794.358253, 0, 0, '2016-04-03 00:11:07'),
(3352, '2015-09-11', 1258.59, 2234.356781, 0, 0, '2016-04-03 00:11:10'),
(3352, '2015-09-12', 893.73, 1204.813038, 0, 0, '2016-04-03 00:11:11'),
(3352, '2015-10-11', 1363.75, null, 0, 1, '2016-04-03 00:11:11'),
(3352, '2015-10-12', 1164.86, 1047.416004, 0, 0, '2016-04-03 00:11:12'),
(3352, '2015-11-01', 0, null, 0, 1, '2016-04-03 00:11:13'),
(3352, '2015-11-02', 1199.77, 1833.89987, 0, 0, '2016-04-03 00:11:14'),
(3352, '2015-11-03', 1196.72, 2059.940843, 0, 0, '2016-04-03 00:11:15'),
(3352, '2015-11-04', 976.71, 1625.520985, 0, 0, '2016-04-03 00:11:16'),
(3352, '2015-11-05', 1173.03, 1932.985842, 0, 0, '2016-04-03 00:11:17'),
(3352, '2015-11-06', 1254.39, 2063.450824, 0, 0, '2016-04-03 00:11:17'),
(3352, '2015-11-07', 476.2, 1007.941575, 0, 0, '2016-04-03 00:11:18'),
(3352, '2015-11-08', 0, null, 0, 1, '2016-04-03 00:11:19'),
(3352, '2015-11-09', 1258.59, 1667.69771, 0, 0, '2016-04-03 00:11:20'),
(3352, '2015-11-10', 1363.75, 1951.423636, 0, 0, '2016-04-03 00:11:21'),
(3352, '2015-11-11', 270.46, 739.853575, 0, 0, '2016-04-03 00:11:21'),
(3352, '2015-11-12', 135.81, 1969.2206, 0, 0, '2016-04-03 00:11:22'),
(3352, '2015-11-13', 1618.23, 2314.323705, 0, 0, '2016-04-03 00:11:23'),
(3352, '2015-11-14', 615.37, 1289.840825, 0, 0, '2016-04-03 00:11:23'),
(3352, '2015-11-15', 0, null, 0, 1, '2016-04-03 00:11:24'),
(3352, '2015-11-16', 1213.56, 1646.809021, 0, 0, '2016-04-03 00:11:25'),
(3352, '2015-11-17', 1192.08, 1723.824519, 0, 0, '2016-04-03 00:11:25'),
(3352, '2015-11-18', 839.9, 1329.194613, 0, 0, '2016-04-03 00:11:26'),
(3352, '2015-11-19', 972.54, 1452.546467, 0, 0, '2016-04-03 00:11:26'),
(3352, '2015-11-20', 1284.19, 1726.511104, 0, 0, '2016-04-03 00:11:27'),
(3352, '2015-11-21', 461.94, 1184.23585, 0, 0, '2016-04-03 00:11:27'),
(3352, '2015-11-22', 0, null, 0, 1, '2016-04-03 00:11:27'),
(3352, '2015-11-23', 1366.74, 2022.507691, 0, 0, '2016-04-03 00:11:28'),
(3352, '2015-11-24', 1348.74, 1774.081665, 0, 0, '2016-04-03 00:11:28'),
(3352, '2015-11-25', 1039.13, 1679.634591, 0, 0, '2016-04-03 00:11:29'),
(3352, '2015-11-26', 0, null, 0, 1, '2016-04-03 00:11:29'),
(3352, '2015-11-27', 1025.7, 1479.680159, 0, 0, '2016-04-03 00:11:30'),
(3352, '2015-11-28', 964.23, 1600.157161, 0, 0, '2016-04-03 00:11:30'),
(3352, '2015-11-29', 0, null, 0, 1, '2016-04-03 00:11:31'),
(3352, '2015-11-30', 1234.92, 1712.309922, 0, 0, '2016-04-03 00:11:31'),
(3352, '2015-12-01', 1308.19, 1682.714572, 0, 0, '2016-04-03 00:11:31'),
(3352, '2015-12-02', 984.69, 1425.64783, 0, 0, '2016-04-03 00:11:32'),
(3352, '2015-12-03', 1153.99, 1611.59375, 0, 0, '2016-04-03 00:11:32'),
(3352, '2015-12-04', 1259.7, 1670.957871, 0, 0, '2016-04-03 00:11:33'),
(3352, '2015-12-05', 431.98, 1167.763619, 0, 0, '2016-04-03 00:11:33'),
(3352, '2015-12-06', 0, null, 0, 1, '2016-04-03 00:11:34'),
(3352, '2015-12-07', 1278.62, 2068.719864, 0, 0, '2016-04-03 00:11:34'),
(3352, '2015-12-08', 1193.73, 1647.06517, 0, 0, '2016-04-03 00:11:35'),
(3352, '2015-12-09', 893.73, 1333.005095, 0, 0, '2016-04-03 00:11:35'),
(3352, '2015-12-10', 1164.86, 1567.651783, 0, 0, '2016-04-03 00:11:36'),
(3352, '2015-12-11', 1293.71, 1745.09022, 0, 0, '2016-04-03 00:11:36'),
(3352, '2015-12-12', 517.13, 1045.849961, 0, 0, '2016-04-03 00:11:37'),
(3352, '2015-12-13', 0, null, 0, 1, '2016-04-03 00:11:37'),
(3352, '2015-12-14', 1140, 1508.268168, 0, 0, '2016-04-03 00:11:38'),
(3352, '2015-12-15', 1221.7, 1546.775979, 0, 0, '2016-04-03 00:11:38'),
(3352, '2015-12-16', 944.34, 1223.150663, 0, 0, '2016-04-03 00:11:39'),
(3352, '2015-12-17', 1031.02, 1503.448772, 0, 0, '2016-04-03 00:11:40'),
(3352, '2015-12-18', 1235.7, 1727.362215, 0, 0, '2016-04-03 00:11:41'),
(3352, '2015-12-19', 454.8985, 906.647886, 0, 0, '2016-04-03 00:11:41'),
(3352, '2015-12-20', 0, null, 0, 1, '2016-04-03 00:11:42'),
(3352, '2015-12-21', 1219.615, 1616.242554, 0, 0, '2016-04-03 00:11:42'),
(3352, '2015-12-22', 1265.0845, 1783.516224, 0, 0, '2016-04-03 00:11:43'),
(3352, '2015-12-23', 904.845, 1386.86614, 0, 0, '2016-04-03 00:11:43'),
(3352, '2015-12-24', 866.05, 926.725752, 0, 0, '2016-04-03 00:11:44'),
(3352, '2015-12-25', 0, null, 0, 1, '2016-04-03 00:11:44'),
(3352, '2015-12-26', 938.88, 1230.652771, 0, 0, '2016-04-03 00:11:45'),
(3352, '2015-12-27', 0, null, 0, 1, '2016-04-03 00:11:45'),
(3352, '2015-12-28', 1247.16, 1575.968556, 0, 0, '2016-04-03 00:11:46'),
(3352, '2015-12-29', 1366.7, 1519.378955, 0, 0, '2016-04-03 00:11:47'),
(3352, '2015-12-30', 1023.28, 1468.048378, 0, 0, '2016-04-03 00:11:47'),
(3352, '2015-12-31', 1182.89, 1597.300668, 0, 0, '2016-04-03 00:11:48'),
(3352, '2016-01-01', 0, null, 0, 1, '2016-04-03 00:11:48'),
(3352, '2016-01-02', 1115.5, 1425.364471, 0, 0, '2016-04-03 00:11:48'),
(3352, '2016-01-03', 0, null, 0, 1, '2016-04-03 00:11:49'),
(3352, '2016-01-04', 1248.62, 1664.460991, 0, 0, '2016-04-03 00:11:50'),
(3352, '2016-01-05', 1223.62, 1436.135673, 0, 0, '2016-04-03 00:11:50'),
(3352, '2016-01-06', 864.82, 1276.693325, 0, 0, '2016-04-03 00:11:51'),
(3352, '2016-01-07', 830.96, 964.051104, 0, 0, '2016-04-03 00:11:51'),
(3352, '2016-01-08', 1212.01, 1209.797586, 0, 0, '2016-04-03 00:11:52'),
(3352, '2016-01-09', 621.18, null, 0, 1, '2016-04-03 00:11:52'),
(3352, '2016-01-10', 0, null, 0, 1, '2016-04-03 00:11:53'),
(3352, '2016-01-11', 1290.17, 1970.559609, 0, 0, '2016-04-03 00:11:53'),
(3352, '2016-01-12', 1343.09, 2196.916584, 0, 0, '2016-04-03 00:11:54'),
(3352, '2016-01-13', 1014.6, 1511.304231, 0, 0, '2016-04-03 00:11:54'),
(3352, '2016-01-14', 1198.4, 3056.42162, 0, 0, '2016-04-03 00:11:54'),
(3352, '2016-01-15', 1320.4, 1579.931987, 0, 0, '2016-04-03 00:11:55'),
(3352, '2016-01-16', 463.4, 917.976058, 0, 0, '2016-04-03 00:11:55'),
(3352, '2016-01-17', 0, null, 0, 1, '2016-04-03 00:11:56'),
(3352, '2016-01-18', 273.9, 446.330259, 0, 0, '2016-04-03 00:11:56'),
(3352, '2016-01-19', 1541.44, 2006.091126, 0, 0, '2016-04-03 00:11:57'),
(3352, '2016-01-20', 1332.36, 1736.890681, 0, 0, '2016-04-03 00:11:57'),
(3352, '2016-01-21', 1254.9, 1565.509694, 0, 0, '2016-04-03 00:11:58'),
(3352, '2016-01-22', 1675, 1949.252975, 0, 0, '2016-04-03 00:11:58'),
(3352, '2016-01-23', 622.31, 999.127717, 0, 0, '2016-04-03 00:11:59'),
(3352, '2016-01-24', 0, null, 0, 1, '2016-04-03 00:12:00'),
(3352, '2016-01-25', 1237.31, 1496.568734, 0, 0, '2016-04-03 00:12:00'),
(3352, '2016-01-26', 1234.61, 1939.43105, 0, 0, '2016-04-03 00:12:01'),
(3352, '2016-01-27', 953.33, 1740.726496, 0, 0, '2016-04-03 00:12:01'),
(3352, '2016-01-28', 1164.44, 1571.88345, 0, 0, '2016-04-03 00:12:02'),
(3352, '2016-01-29', 1164.445, 1417.320503, 0, 0, '2016-04-03 00:12:03'),
(3352, '2016-01-30', 435.12, 872.68097, 0, 0, '2016-04-03 00:12:03'),
(3352, '2016-01-31', 0, null, 0, 1, '2016-04-03 00:12:04'),
(3352, '2016-02-01', 1246.66, 1559.750995, 0, 0, '2016-04-03 00:12:04'),
(3352, '2016-02-02', 1149.57, 1621.796046, 0, 0, '2016-04-03 00:12:05'),
(3352, '2016-02-03', 887.6, 1548.169779, 0, 0, '2016-04-03 00:12:05'),
(3352, '2016-02-04', 1144.8, 1704.468423, 0, 0, '2016-04-03 00:12:06'),
(3352, '2016-02-05', 1152.9, 1415.105945, 0, 0, '2016-04-03 00:12:06'),
(3352, '2016-02-06', 497.63, 1335.602631, 0, 0, '2016-04-03 00:12:07'),
(3352, '2016-02-07', 0, null, 0, 1, '2016-04-03 00:12:07'),
(3352, '2016-02-08', 1192.5, 1692.648086, 0, 0, '2016-04-03 00:12:08'),
(3352, '2016-02-09', 1248.4, 2263.657148, 0, 0, '2016-04-03 00:12:08'),
(3352, '2016-02-10', 943.64, 1438.008267, 0, 0, '2016-04-03 00:12:09'),
(3352, '2016-02-11', 1316.2, 1967.392368, 0, 0, '2016-04-03 00:12:09'),
(3352, '2016-02-12', 1244.21, 1599.887708, 0, 0, '2016-04-03 00:12:10'),
(3352, '2016-02-13', 505.1, 1468.748183, 0, 0, '2016-04-03 00:12:10'),
(3352, '2016-02-14', 0, null, 0, 1, '2016-04-03 00:12:11'),
(3352, '2016-02-15', 358.14, 513.113199, 0, 0, '2016-04-03 00:12:11'),
(3352, '2016-02-16', 1390.5, 1903.792432, 0, 0, '2016-04-03 00:12:12'),
(3352, '2016-02-17', 1341.3, 2347.755632, 0, 0, '2016-04-03 00:12:12'),
(3352, '2016-02-18', 1232.5, 2072.242344, 0, 0, '2016-04-03 00:12:13'),
(3352, '2016-02-19', 1622.293, 2168.827202, 0, 0, '2016-04-03 00:12:13'),
(3352, '2016-02-20', 607.9, 2045.219923, 0, 0, '2016-04-03 00:12:14'),
(3352, '2016-02-21', 0, null, 0, 1, '2016-04-03 00:12:14'),
(3352, '2016-02-22', 1334.8, 1875.992717, 0, 0, '2016-04-03 00:12:15'),
(3352, '2016-02-23', 1280.5, 2084.430277, 0, 0, '2016-04-03 00:12:15'),
(3352, '2016-02-24', 985.26, 1923.62154, 0, 0, '2016-04-03 00:12:16'),
(3352, '2016-02-25', 1248.23, 2158.604346, 0, 0, '2016-04-03 00:12:17'),
(3352, '2016-02-26', 1271.76, 1665.606862, 0, 0, '2016-04-03 00:12:17'),
(3352, '2016-02-27', 564.29, 1314.619195, 0, 0, '2016-04-03 00:12:18'),
(3352, '2016-02-28', 0, null, 0, 1, '2016-04-03 00:12:18'),
(3352, '2016-02-29', 1353.5, 1364.142062, 0, 0, '2016-04-03 00:12:19'),
(3352, '2016-03-01', 1294.1, 2301.877316, 0, 0, '2016-04-03 00:12:19'),
(3352, '2016-03-02', 953.28, 411.531495, 0, 0, '2016-04-03 00:12:20'),
(3352, '2016-03-03', 1366.3, 2630.044186, 0, 0, '2016-04-03 00:12:20'),
(3352, '2016-03-04', 1462.15, 1906.149676, 0, 0, '2016-04-03 00:12:21'),
(3352, '2016-03-05', 564.1, 1335.266435, 0, 0, '2016-04-03 00:12:21'),
(3352, '2016-03-06', 0, null, 0, 1, '2016-04-03 00:12:22'),
(3352, '2016-03-07', 1440.5, 1923.179481, 0, 0, '2016-04-03 00:12:22'),
(3352, '2016-03-08', 1270.9, 1845.904716, 0, 0, '2016-04-03 00:12:23'),
(3352, '2016-03-09', 929.68, 1457.16339, 0, 0, '2016-04-03 00:12:23'),
(3352, '2016-03-10', 1313.28, 1829.473584, 0, 0, '2016-04-03 00:12:24'),
(3352, '2016-03-11', 1516.81, 1976.435006, 0, 0, '2016-04-03 00:12:24'),
(3352, '2016-03-12', 636.04, 983.003002, 0, 0, '2016-04-03 00:12:24'),
(3352, '2016-03-13', 0, null, 0, 1, '2016-04-03 00:12:25'),
(3352, '2016-03-14', 1369, 1835.007603, 0, 0, '2016-04-03 00:12:25'),
(3352, '2016-03-15', 1335.85, 1842.623687, 0, 0, '2016-04-03 00:12:26'),
(3352, '2016-03-16', 1317.1, 1851.903858, 0, 0, '2016-04-03 00:12:26'),
(3352, '2016-03-17', 1393.4, 1894.596975, 0, 0, '2016-04-03 00:12:56'),
(3352, '2016-03-18', 1518.1, 1978.920088, 0, 0, '2016-04-02 00:11:16'),
(3352, '2016-03-19', 527.25, 872.227767, 0, 0, '2016-04-02 00:11:16'),
(3352, '2016-03-20', 0, null, 0, 1, '2016-04-02 00:11:16'),
(3352, '2016-03-21', 1420.86, 1649.945878, 0, 0, '2016-04-02 16:36:37'),
(3352, '2016-03-22', 1515.84, 1965.823819, 0, 0, '2016-04-02 16:36:37'),
(3352, '2016-03-23', 1215.4, 910.057631, 0, 0, '2016-04-02 16:36:36'),
(3352, '2016-03-24', 1447.26, 2406.504355, 0, 0, '2016-04-02 16:36:54'),
(3352, '2016-03-25', 1499.54, 1673.148277, 0, 0, '2016-04-02 16:37:13'),
(3352, '2016-03-26', 558.87, 937.904612, 0, 0, '2016-04-02 16:37:35'),
(3352, '2016-03-27', 0, null, 0, 1, '2016-04-02 16:37:40'),
(3352, '2016-03-28', 1410.8, 1145.045193, 0, 0, '2016-04-02 16:38:05'),
(3352, '2016-03-29', 1425.1, 2344.815294, 0, 0, '2016-04-02 16:38:20'),
(3352, '2016-03-30', 1075.55, 1569.226036, 0, 0, '2016-04-02 16:38:50'),
(3352, '2016-03-31', 1429.07, 1979.707913, 0, 0, '2016-04-02 16:39:12'),
(3352, '2016-04-01', 1525.8, 2227.113362, 0, 0, '2016-04-02 16:39:31'),
(3360, '2015-01-03', 3518.58, null, 0, 1, '2016-04-03 00:13:22'),
(3360, '2015-02-03', 0, 2033.589846, 0, 0, '2016-04-03 00:13:25'),
(3360, '2015-03-03', 0, 7251.503194, 0, 0, '2016-04-03 00:13:37'),
(3360, '2015-04-01', 3518.58, 4796.06002, 0, 0, '2016-04-03 00:13:47'),
(3360, '2015-04-02', 3313.67, 3947.427282, 0, 0, '2016-04-03 00:13:50'),
(3360, '2015-04-03', 3280.03, 3937.221645, 0, 0, '2016-04-03 00:13:52'),
(3360, '2015-04-04', 1116.47, 1317.036099, 0, 0, '2016-04-03 00:13:53'),
(3360, '2015-04-05', 0, null, 0, 1, '2016-04-03 00:13:54'),
(3360, '2015-04-06', 3239.58, 3661.647985, 0, 0, '2016-04-03 00:13:55'),
(3360, '2015-04-07', 4037.59, 5140.796937, 0, 0, '2016-04-03 00:13:58'),
(3360, '2015-04-08', 3676.17, 3430.794086, 0, 0, '2016-04-03 00:14:01'),
(3360, '2015-04-09', 3781.23, 4132.180594, 0, 0, '2016-04-03 00:14:03'),
(3360, '2015-04-10', 3401.74, 3777.798888, 0, 0, '2016-04-03 00:14:06'),
(3360, '2015-04-11', 1365.83, null, 0, 1, '2016-04-03 00:14:07'),
(3360, '2015-04-12', 0, null, 0, 1, '2016-04-03 00:14:08'),
(3360, '2015-04-13', 3675.89, 3947.553589, 0, 0, '2016-04-03 00:14:11'),
(3360, '2015-04-14', 3881.9, 5212.081482, 0, 0, '2016-04-03 00:14:15'),
(3360, '2015-04-15', 4105.26, 4291.365329, 0, 0, '2016-04-03 00:14:20'),
(3360, '2015-04-16', 3742.93, 4451.938639, 0, 0, '2016-04-03 00:14:23'),
(3360, '2015-04-17', 3657.01, 4455.789166, 0, 0, '2016-04-03 00:14:25'),
(3360, '2015-04-18', 1139.83, null, 0, 1, '2016-04-03 00:14:26'),
(3360, '2015-04-19', 0, null, 0, 1, '2016-04-03 00:14:27'),
(3360, '2015-04-20', 3529.27, 4854.272409, 0, 0, '2016-04-03 00:14:29'),
(3360, '2015-04-21', 3394.11, 3856.160338, 0, 0, '2016-04-03 00:14:31'),
(3360, '2015-04-22', 4352.73, 4841.972711, 0, 0, '2016-04-03 00:14:33'),
(3360, '2015-04-23', 3817.29, 4325.040817, 0, 0, '2016-04-03 00:14:36'),
(3360, '2015-04-24', 3839.45, 4968.793817, 0, 0, '2016-04-03 00:14:39'),
(3360, '2015-04-25', 1462.28, null, 0, 1, '2016-04-03 00:14:41'),
(3360, '2015-04-26', 0, null, 0, 1, '2016-04-03 00:14:42'),
(3360, '2015-04-27', 3312.97, 5311.301677, 0, 0, '2016-04-03 00:14:43'),
(3360, '2015-04-28', 3889.54, 3934.258143, 0, 0, '2016-04-03 00:14:45'),
(3360, '2015-04-29', 3757.73, 3751.728893, 0, 0, '2016-04-03 00:14:47'),
(3360, '2015-04-30', 4204.04, 4121.856891, 0, 0, '2016-04-03 00:14:48'),
(3360, '2015-05-01', 4000, 5218.768128, 0, 0, '2016-04-03 00:14:50'),
(3360, '2015-05-03', 0, null, 0, 1, '2016-04-03 00:14:51'),
(3360, '2015-05-04', 3518.58, 2507.982722, 0, 0, '2016-04-03 00:14:52'),
(3360, '2015-05-05', 3313.67, 3531.669191, 0, 0, '2016-04-03 00:14:53'),
(3360, '2015-05-06', 3280.03, 4967.80679, 0, 0, '2016-04-03 00:14:56'),
(3360, '2015-05-07', 3325.03, 5079.471003, 0, 0, '2016-04-03 00:14:57'),
(3360, '2015-05-08', 3125.03, 4385.622866, 0, 0, '2016-04-03 00:14:59'),
(3360, '2015-05-11', 3518.58, 3329.95752, 0, 0, '2016-04-03 00:15:00'),
(3360, '2015-05-12', 3313.67, 4173.436642, 0, 0, '2016-04-03 00:15:01'),
(3360, '2015-05-13', 3280.03, 4117.427352, 0, 0, '2016-04-03 00:15:03'),
(3360, '2015-05-14', 3325.03, 4553.77385, 0, 0, '2016-04-03 00:15:04'),
(3360, '2015-05-15', 3125.03, 3529.738154, 0, 0, '2016-04-03 00:15:05'),
(3360, '2015-05-18', 3518.58, 2215.308474, 0, 0, '2016-04-03 00:15:07'),
(3360, '2015-05-19', 3313.67, 4336.632762, 0, 0, '2016-04-03 00:15:08'),
(3360, '2015-05-20', 3280.03, 4169.734165, 0, 0, '2016-04-02 05:07:09'),
(3360, '2015-05-21', 3325.03, 2568.829149, 0, 0, '2016-04-03 00:15:09'),
(3360, '2015-05-22', 3125.03, 5778.630556, 0, 0, '2016-04-03 00:15:10'),
(3360, '2015-05-25', 3518.58, null, 0, 1, '2016-04-03 00:15:12'),
(3360, '2015-05-26', 3313.67, 4842.796591, 0, 0, '2016-04-03 00:15:14'),
(3360, '2015-05-27', 3280.03, 4443.586363, 0, 0, '2016-04-03 00:15:16'),
(3360, '2015-05-28', 3325.03, 4171.075192, 0, 0, '2016-04-03 00:15:18'),
(3360, '2015-05-29', 3125.03, 3853.254018, 0, 0, '2016-04-03 00:15:20'),
(3360, '2015-06-03', 0, 3037.77459, 0, 0, '2016-04-03 00:15:24'),
(3360, '2015-07-03', 0, 3952.704344, 0, 0, '2016-04-03 00:15:56'),
(3360, '2015-08-03', 0, 2823.697547, 0, 0, '2016-04-03 00:16:45'),
(3360, '2015-09-03', 0, 2927.801066, 0, 0, '2016-04-03 00:17:08'),
(3360, '2016-02-01', 123, null, 0, 1, '2016-04-03 00:17:16'),
(3360, '2016-03-09', 3, null, 0, 1, '2016-04-03 00:17:17'),
(3360, '2016-03-11', 2, null, 0, 1, '2016-04-03 00:17:17');
    
******/    